{"cameraMode":{"drawMode":0,"name":"Shaded","section":"Shading Mode"},"sceneLighting":true,"audioPlay":false,"sceneViewState":{"showFog":true,"showMaterialUpdate":true,"showSkybox":true,"showFlares":true,"showImageEffects":true,"showParticleSystems":true},"in2DMode":false,"pivot":{"x":337.8457336425781,"y":7.622926235198975,"z":401.6152648925781},"rotation":{"x":0.18190032243728639,"y":0.6033176183700562,"z":-0.14380307495594026,"w":0.7630845904350281},"size":-0.09566998481750488,"orthographic":false}