{"cameraMode":{"drawMode":0,"name":"Shaded","section":"Shading Mode"},"sceneLighting":true,"audioPlay":false,"sceneViewState":{"showFog":true,"showMaterialUpdate":true,"showSkybox":true,"showFlares":true,"showImageEffects":true,"showParticleSystems":true},"in2DMode":false,"pivot":{"x":-2.6611201763153078,"y":19.25714111328125,"z":-14.544610977172852},"rotation":{"x":-0.3794797360897064,"y":-0.14668768644332887,"z":0.061127204447984698,"w":-0.9115217924118042},"size":4.243524551391602,"orthographic":false}