{"cameraMode":{"drawMode":0,"name":"Shaded","section":"Shading Mode"},"sceneLighting":false,"audioPlay":false,"sceneViewState":{"showFog":true,"showMaterialUpdate":false,"showSkybox":false,"showFlares":true,"showImageEffects":true,"showParticleSystems":true},"in2DMode":false,"pivot":{"x":-22.07613754272461,"y":0.23000000417232514,"z":-37.61000061035156},"rotation":{"x":-0.14471493661403657,"y":-0.6949218511581421,"z":0.1459454745054245,"w":-0.689116358757019},"size":7.071067810058594,"orthographic":false}