{"cameraMode":{"drawMode":0,"name":"Shaded","section":"Shading Mode"},"sceneLighting":true,"audioPlay":false,"sceneViewState":{"showFog":true,"showMaterialUpdate":false,"showSkybox":true,"showFlares":true,"showImageEffects":true,"showParticleSystems":true},"in2DMode":false,"pivot":{"x":2.4796621799468996,"y":5.460631847381592,"z":5.707507610321045},"rotation":{"x":-0.000962200399953872,"y":-0.9827844500541687,"z":0.1852533221244812,"w":-0.004183625336736441},"size":0.5049752593040466,"orthographic":false}