{"cameraMode":{"drawMode":0,"name":"Shaded","section":"Shading Mode"},"sceneLighting":false,"audioPlay":false,"sceneViewState":{"showFog":true,"showMaterialUpdate":true,"showSkybox":false,"showFlares":true,"showImageEffects":true,"showParticleSystems":true},"in2DMode":false,"pivot":{"x":392.2613830566406,"y":-97.51126098632813,"z":569.8605346679688},"rotation":{"x":0.47565916180610659,"y":0.04745522141456604,"z":-0.025714155286550523,"w":0.877979040145874},"size":308.2630615234375,"orthographic":false}