{"cameraMode":{"drawMode":0,"name":"Shaded","section":"Shading Mode"},"sceneLighting":true,"audioPlay":false,"sceneViewState":{"showFog":true,"showMaterialUpdate":true,"showSkybox":true,"showFlares":true,"showImageEffects":true,"showParticleSystems":true},"in2DMode":false,"pivot":{"x":18.515363693237306,"y":4.03185510635376,"z":1.679665207862854},"rotation":{"x":-0.21051132678985597,"y":0.5220165252685547,"z":-0.1352929025888443,"w":-0.8155363202095032},"size":0.40657109022140505,"orthographic":false}