{"cameraMode":{"drawMode":0,"name":"Shaded","section":"Shading Mode"},"sceneLighting":true,"audioPlay":false,"sceneViewState":{"showFog":true,"showMaterialUpdate":true,"showSkybox":true,"showFlares":true,"showImageEffects":true,"showParticleSystems":true},"in2DMode":false,"pivot":{"x":152.0193328857422,"y":53.825286865234378,"z":148.26475524902345},"rotation":{"x":0.02959302067756653,"y":0.8928799629211426,"z":-0.4462171494960785,"w":0.05740933492779732},"size":135.4365692138672,"orthographic":false}