{"cameraMode":{"drawMode":0,"name":"Shaded","section":"Shading Mode"},"sceneLighting":false,"audioPlay":false,"sceneViewState":{"showFog":true,"showMaterialUpdate":true,"showSkybox":false,"showFlares":true,"showImageEffects":true,"showParticleSystems":true},"in2DMode":false,"pivot":{"x":422.408203125,"y":1.4010189771652222,"z":683.81689453125},"rotation":{"x":0.3624993562698364,"y":0.06841029971837998,"z":-0.026695316657423974,"w":0.9290923476219177},"size":308.2630615234375,"orthographic":false}