{"cameraMode":{"drawMode":0,"name":"Shaded","section":"Shading Mode"},"sceneLighting":false,"audioPlay":false,"sceneViewState":{"showFog":true,"showMaterialUpdate":true,"showSkybox":false,"showFlares":true,"showImageEffects":true,"showParticleSystems":true},"in2DMode":false,"pivot":{"x":368.34002685546877,"y":1.4038188457489014,"z":1026.785888671875},"rotation":{"x":0.4945512115955353,"y":-0.022160585969686509,"z":0.01261029951274395,"w":0.8687816262245178},"size":335.3938903808594,"orthographic":false}