{"cameraMode":{"drawMode":0,"name":"Shaded","section":"Shading Mode"},"sceneLighting":true,"audioPlay":false,"sceneViewState":{"showFog":true,"showMaterialUpdate":true,"showSkybox":true,"showFlares":true,"showImageEffects":true,"showParticleSystems":true},"in2DMode":false,"pivot":{"x":-4.006507396697998,"y":2.394425392150879,"z":-24.5632381439209},"rotation":{"x":0.07255280017852783,"y":0.07727352529764176,"z":-0.00674432422965765,"w":0.9946402907371521},"size":4.243524551391602,"orthographic":false}