{"cameraMode":{"drawMode":0,"name":"Shaded","section":"Shading Mode"},"sceneLighting":true,"audioPlay":false,"sceneViewState":{"showFog":true,"showMaterialUpdate":true,"showSkybox":true,"showFlares":true,"showImageEffects":true,"showParticleSystems":true},"in2DMode":false,"pivot":{"x":16.714487075805665,"y":1.3248789310455323,"z":0.15289855003356934},"rotation":{"x":0.18855564296245576,"y":-0.41795873641967776,"z":0.08757542818784714,"w":0.8844979405403137},"size":1.478864312171936,"orthographic":false}