{"cameraMode":{"drawMode":0,"name":"Shaded","section":"Shading Mode"},"sceneLighting":false,"audioPlay":false,"sceneViewState":{"showFog":true,"showMaterialUpdate":true,"showSkybox":false,"showFlares":true,"showImageEffects":true,"showParticleSystems":true},"in2DMode":false,"pivot":{"x":956.1732177734375,"y":8.11845588684082,"z":667.7894897460938},"rotation":{"x":0.18190032243728639,"y":0.6033176183700562,"z":-0.14380307495594026,"w":0.7630845904350281},"size":210.26356506347657,"orthographic":false}