{"cameraMode":{"drawMode":0,"name":"Shaded","section":"Shading Mode"},"sceneLighting":true,"audioPlay":false,"sceneViewState":{"showFog":true,"showMaterialUpdate":false,"showSkybox":true,"showFlares":true,"showImageEffects":true,"showParticleSystems":true},"in2DMode":false,"pivot":{"x":20.51389503479004,"y":5.948988437652588,"z":0.8630855679512024},"rotation":{"x":0.26237040758132937,"y":-0.2391495555639267,"z":0.06590692698955536,"w":0.9326684474945068},"size":1.478864312171936,"orthographic":false}