{"cameraMode":{"drawMode":0,"name":"Shaded","section":"Shading Mode"},"sceneLighting":true,"audioPlay":false,"sceneViewState":{"showFog":true,"showMaterialUpdate":true,"showSkybox":true,"showFlares":true,"showImageEffects":true,"showParticleSystems":true},"in2DMode":false,"pivot":{"x":-6.097081184387207,"y":2.7812981605529787,"z":-29.883216857910158},"rotation":{"x":0.008416097611188889,"y":-0.380149245262146,"z":0.0032009505666792394,"w":0.9251327514648438},"size":1.478864312171936,"orthographic":false}