{"cameraMode":{"drawMode":0,"name":"Shaded","section":"Shading Mode"},"sceneLighting":false,"audioPlay":false,"sceneViewState":{"showFog":true,"showMaterialUpdate":true,"showSkybox":false,"showFlares":true,"showImageEffects":true,"showParticleSystems":true},"in2DMode":false,"pivot":{"x":782.19921875,"y":-27.5128173828125,"z":552.2406616210938},"rotation":{"x":0.4945512115955353,"y":-0.022160585969686509,"z":0.01261029951274395,"w":0.8687816262245178},"size":651.47412109375,"orthographic":false}