{"cameraMode":{"drawMode":0,"name":"Shaded","section":"Shading Mode"},"sceneLighting":true,"audioPlay":false,"sceneViewState":{"showFog":true,"showMaterialUpdate":false,"showSkybox":true,"showFlares":true,"showImageEffects":true,"showParticleSystems":true},"in2DMode":false,"pivot":{"x":18.001506805419923,"y":3.650712013244629,"z":3.902902841567993},"rotation":{"x":0.16960164904594422,"y":-0.7338148355484009,"z":0.19833973050117494,"w":0.6273696422576904},"size":1.0466463565826417,"orthographic":false}