{"cameraMode":{"drawMode":0,"name":"Shaded","section":"Shading Mode"},"sceneLighting":false,"audioPlay":false,"sceneViewState":{"showFog":true,"showMaterialUpdate":true,"showSkybox":false,"showFlares":true,"showImageEffects":true,"showParticleSystems":true},"in2DMode":false,"pivot":{"x":1000.9912109375,"y":1.4032188653945923,"z":543.4788208007813},"rotation":{"x":0.4945512115955353,"y":-0.022160585969686509,"z":0.01261029951274395,"w":0.8687816262245178},"size":268.8392639160156,"orthographic":false}