{"cameraMode":{"drawMode":0,"name":"Shaded","section":"Shading Mode"},"sceneLighting":false,"audioPlay":false,"sceneViewState":{"showFog":true,"showMaterialUpdate":true,"showSkybox":false,"showFlares":true,"showImageEffects":true,"showParticleSystems":true},"in2DMode":false,"pivot":{"x":28.217775344848634,"y":1.3769121170043946,"z":-0.18874096870422364},"rotation":{"x":0.0047895233146846298,"y":-0.9949747323989868,"z":0.08376920968294144,"w":0.05556000396609306},"size":1.9040329456329346,"orthographic":false}