{"cameraMode":{"drawMode":0,"name":"Shaded","section":"Shading Mode"},"sceneLighting":true,"audioPlay":false,"sceneViewState":{"showFog":true,"showMaterialUpdate":true,"showSkybox":true,"showFlares":true,"showImageEffects":true,"showParticleSystems":true},"in2DMode":false,"pivot":{"x":-3.8670058250427248,"y":1.9248337745666505,"z":-30.823749542236329},"rotation":{"x":0.01198208425194025,"y":-0.9213117957115173,"z":0.029130328446626664,"w":0.38776758313179018},"size":0.6674752831459045,"orthographic":false}