{"cameraMode":{"drawMode":0,"name":"Shaded","section":"Shading Mode"},"sceneLighting":true,"audioPlay":false,"sceneViewState":{"showFog":true,"showMaterialUpdate":true,"showSkybox":true,"showFlares":true,"showImageEffects":true,"showParticleSystems":true},"in2DMode":false,"pivot":{"x":-7.857772350311279,"y":0.9488270282745361,"z":-25.244163513183595},"rotation":{"x":0.08892115950584412,"y":-0.22864224016666413,"z":0.021058987826108934,"w":0.9692989587783814},"size":3.0191473960876467,"orthographic":false}