{"cameraMode":{"drawMode":0,"name":"Shaded","section":"Shading Mode"},"sceneLighting":true,"audioPlay":false,"sceneViewState":{"showFog":true,"showMaterialUpdate":false,"showSkybox":true,"showFlares":true,"showImageEffects":true,"showParticleSystems":true},"in2DMode":false,"pivot":{"x":2.6922707557678224,"y":0.7646574974060059,"z":4.3612494468688969},"rotation":{"x":-0.22241659462451936,"y":0.7194952964782715,"z":-0.2658997178077698,"w":-0.6018176078796387},"size":3.8356990814208986,"orthographic":false}