{"cameraMode":{"drawMode":0,"name":"Shaded","section":"Shading Mode"},"sceneLighting":true,"audioPlay":false,"sceneViewState":{"showFog":true,"showMaterialUpdate":true,"showSkybox":true,"showFlares":true,"showImageEffects":true,"showParticleSystems":true},"in2DMode":false,"pivot":{"x":6.703324317932129,"y":1.4219406843185425,"z":11.29258918762207},"rotation":{"x":-0.09650351852178574,"y":0.9021113514900208,"z":-0.26959455013275149,"w":-0.32292836904525759},"size":0.5196154117584229,"orthographic":false}