{"cameraMode":{"drawMode":0,"name":"Shaded","section":"Shading Mode"},"sceneLighting":true,"audioPlay":false,"sceneViewState":{"showFog":true,"showMaterialUpdate":true,"showSkybox":true,"showFlares":true,"showImageEffects":true,"showParticleSystems":true},"in2DMode":false,"pivot":{"x":7.110918045043945,"y":2.7231481075286867,"z":8.5817232131958},"rotation":{"x":0.16329701244831086,"y":0.1476343721151352,"z":-0.024674050509929658,"w":0.9752312302589417},"size":0.6774922609329224,"orthographic":false}