{"cameraMode":{"drawMode":0,"name":"Shaded","section":"Shading Mode"},"sceneLighting":false,"audioPlay":false,"sceneViewState":{"showFog":true,"showMaterialUpdate":true,"showSkybox":false,"showFlares":true,"showImageEffects":true,"showParticleSystems":true},"in2DMode":false,"pivot":{"x":5.978999614715576,"y":1.230119228363037,"z":10.906999588012696},"rotation":{"x":0.11184928566217423,"y":-0.321244478225708,"z":0.03832041099667549,"w":0.9396709203720093},"size":14.264100074768067,"orthographic":false}