{"cameraMode":{"drawMode":0,"name":"Shaded","section":"Shading Mode"},"sceneLighting":false,"audioPlay":false,"sceneViewState":{"showFog":true,"showMaterialUpdate":true,"showSkybox":false,"showFlares":true,"showImageEffects":true,"showParticleSystems":true},"in2DMode":false,"pivot":{"x":-21.772388458251954,"y":1.6200001239776612,"z":-28.892536163330079},"rotation":{"x":0.1454407423734665,"y":0.49843984842300417,"z":0.08551251888275147,"w":-0.8505430221557617},"size":1.578153371810913,"orthographic":false}