{"cameraMode":{"drawMode":0,"name":"Shaded","section":"Shading Mode"},"sceneLighting":true,"audioPlay":false,"sceneViewState":{"showFog":true,"showMaterialUpdate":true,"showSkybox":true,"showFlares":true,"showImageEffects":true,"showParticleSystems":true},"in2DMode":false,"pivot":{"x":597.3092041015625,"y":445.1177978515625,"z":-50.72796630859375},"rotation":{"x":0.005999899003654718,"y":-0.004499872215092182,"z":0.000026866595362662338,"w":0.9999724626541138},"size":425.04180908203127,"orthographic":false}