{"cameraMode":{"drawMode":0,"name":"Shaded","section":"Shading Mode"},"sceneLighting":false,"audioPlay":false,"sceneViewState":{"showFog":true,"showMaterialUpdate":false,"showSkybox":false,"showFlares":true,"showImageEffects":true,"showParticleSystems":true},"in2DMode":false,"pivot":{"x":29.56999969482422,"y":1.3934999704360963,"z":16.989999771118165},"rotation":{"x":0.3314988315105438,"y":0.11477819830179215,"z":-0.04068157449364662,"w":0.935654878616333},"size":14.255619049072266,"orthographic":false}