{"cameraMode":{"drawMode":0,"name":"Shaded","section":"Shading Mode"},"sceneLighting":true,"audioPlay":false,"sceneViewState":{"showFog":true,"showMaterialUpdate":true,"showSkybox":true,"showFlares":true,"showImageEffects":true,"showParticleSystems":true},"in2DMode":false,"pivot":{"x":139.04879760742188,"y":-67.26377868652344,"z":368.45703125},"rotation":{"x":-0.11311718821525574,"y":0.7503390908241272,"z":-0.1330130696296692,"w":-0.6376355290412903},"size":105.28559112548828,"orthographic":false}