{"cameraMode":{"drawMode":0,"name":"Shaded","section":"Shading Mode"},"sceneLighting":true,"audioPlay":false,"sceneViewState":{"showFog":true,"showMaterialUpdate":true,"showSkybox":true,"showFlares":true,"showImageEffects":true,"showParticleSystems":true},"in2DMode":false,"pivot":{"x":-5.509259223937988,"y":2.358008623123169,"z":-31.89356231689453},"rotation":{"x":0.11865367740392685,"y":0.20313461124897004,"z":-0.024757813662290574,"w":0.9716944694519043},"size":0.6674752831459045,"orthographic":false}