{"cameraMode":{"drawMode":0,"name":"Shaded","section":"Shading Mode"},"sceneLighting":true,"audioPlay":false,"sceneViewState":{"showFog":true,"showMaterialUpdate":false,"showSkybox":true,"showFlares":true,"showImageEffects":true,"showParticleSystems":true},"in2DMode":false,"pivot":{"x":1.2946914434432984,"y":9.275848388671875,"z":-15.927621841430664},"rotation":{"x":0.19315332174301148,"y":0.27314451336860659,"z":-0.05609957501292229,"w":0.9408035278320313},"size":1.0466463565826417,"orthographic":false}