{"cameraMode":{"drawMode":0,"name":"Shaded","section":"Shading Mode"},"sceneLighting":false,"audioPlay":false,"sceneViewState":{"showFog":true,"showMaterialUpdate":false,"showSkybox":false,"showFlares":true,"showImageEffects":true,"showParticleSystems":true},"in2DMode":false,"pivot":{"x":27.521282196044923,"y":1.2014210224151612,"z":16.30243492126465},"rotation":{"x":0.10626118630170822,"y":0.572564959526062,"z":-0.07513251155614853,"w":0.8095719814300537},"size":1.2060935497283936,"orthographic":false}