{"cameraMode":{"drawMode":0,"name":"Shaded","section":"Shading Mode"},"sceneLighting":true,"audioPlay":false,"sceneViewState":{"showFog":true,"showMaterialUpdate":true,"showSkybox":true,"showFlares":true,"showImageEffects":true,"showParticleSystems":true},"in2DMode":false,"pivot":{"x":349.20849609375,"y":1.7249417304992676,"z":403.1092224121094},"rotation":{"x":-0.18265151977539063,"y":-0.6046876311302185,"z":0.14521490037441255,"w":-0.7615894079208374},"size":6.707155227661133,"orthographic":false}