{"cameraMode":{"drawMode":0,"name":"Shaded","section":"Shading Mode"},"sceneLighting":true,"audioPlay":false,"sceneViewState":{"showFog":true,"showMaterialUpdate":true,"showSkybox":false,"showFlares":true,"showImageEffects":true,"showParticleSystems":true},"in2DMode":false,"pivot":{"x":769.6314697265625,"y":22.010986328125,"z":483.7266540527344},"rotation":{"x":0.25983819365501406,"y":0.6880389451980591,"z":-0.29252195358276369,"w":0.6111645698547363},"size":889.92333984375,"orthographic":false}