{"cameraMode":{"drawMode":0,"name":"Shaded","section":"Shading Mode"},"sceneLighting":true,"audioPlay":false,"sceneViewState":{"showFog":true,"showMaterialUpdate":true,"showSkybox":true,"showFlares":true,"showImageEffects":true,"showParticleSystems":true},"in2DMode":false,"pivot":{"x":338.68170166015627,"y":8.501459121704102,"z":401.8358154296875},"rotation":{"x":0.2197074294090271,"y":0.3572709560394287,"z":-0.08685440570116043,"w":0.9036582112312317},"size":24.7331600189209,"orthographic":false}