{"cameraMode":{"drawMode":0,"name":"Shaded","section":"Shading Mode"},"sceneLighting":false,"audioPlay":false,"sceneViewState":{"showFog":true,"showMaterialUpdate":true,"showSkybox":false,"showFlares":true,"showImageEffects":true,"showParticleSystems":true},"in2DMode":false,"pivot":{"x":709.41455078125,"y":-82.1763916015625,"z":339.9235534667969},"rotation":{"x":0.2929093539714813,"y":0.6591829657554627,"z":-0.31234627962112429,"w":0.6181638240814209},"size":868.510009765625,"orthographic":false}