{"cameraMode":{"drawMode":0,"name":"Shaded","section":"Shading Mode"},"sceneLighting":true,"audioPlay":false,"sceneViewState":{"showFog":true,"showMaterialUpdate":true,"showSkybox":true,"showFlares":true,"showImageEffects":true,"showParticleSystems":true},"in2DMode":false,"pivot":{"x":338.6941223144531,"y":6.367486000061035,"z":402.8367919921875},"rotation":{"x":0.057000961154699329,"y":0.6641767621040344,"z":-0.050909340381622317,"w":0.7436608672142029},"size":4.440459728240967,"orthographic":false}