{"cameraMode":{"drawMode":0,"name":"Shaded","section":"Shading Mode"},"sceneLighting":true,"audioPlay":false,"sceneViewState":{"showFog":true,"showMaterialUpdate":true,"showSkybox":true,"showFlares":true,"showImageEffects":true,"showParticleSystems":true},"in2DMode":false,"pivot":{"x":-6.204559803009033,"y":2.391307830810547,"z":-29.490034103393556},"rotation":{"x":0.41323697566986086,"y":-0.010365990921854973,"z":0.00480312155559659,"w":0.9106413125991821},"size":0.6674752831459045,"orthographic":false}