{"cameraMode":{"drawMode":0,"name":"Shaded","section":"Shading Mode"},"sceneLighting":true,"audioPlay":false,"sceneViewState":{"showFog":true,"showMaterialUpdate":true,"showSkybox":true,"showFlares":true,"showImageEffects":true,"showParticleSystems":true},"in2DMode":false,"pivot":{"x":330.0507507324219,"y":18.64187240600586,"z":379.1770935058594},"rotation":{"x":0.23000654578208924,"y":0.195201575756073,"z":-0.04715833067893982,"w":0.9522618055343628},"size":1.207451343536377,"orthographic":false}