{"cameraMode":{"drawMode":0,"name":"Shaded","section":"Shading Mode"},"sceneLighting":true,"audioPlay":false,"sceneViewState":{"showFog":true,"showMaterialUpdate":true,"showSkybox":true,"showFlares":true,"showImageEffects":true,"showParticleSystems":true},"in2DMode":false,"pivot":{"x":17.50147247314453,"y":3.520456552505493,"z":-0.0493701696395874},"rotation":{"x":0.19246390461921693,"y":-0.46969348192214968,"z":0.10576875507831574,"w":0.8551750183105469},"size":1.5247447490692139,"orthographic":false}