{"cameraMode":{"drawMode":0,"name":"Shaded","section":"Shading Mode"},"sceneLighting":false,"audioPlay":false,"sceneViewState":{"showFog":true,"showMaterialUpdate":true,"showSkybox":false,"showFlares":true,"showImageEffects":true,"showParticleSystems":true},"in2DMode":false,"pivot":{"x":205.09573364257813,"y":26.130107879638673,"z":100.38351440429688},"rotation":{"x":0.18190032243728639,"y":0.6033176183700562,"z":-0.14380307495594026,"w":0.7630845904350281},"size":229.8446502685547,"orthographic":false}