{"cameraMode":{"drawMode":0,"name":"Shaded","section":"Shading Mode"},"sceneLighting":true,"audioPlay":false,"sceneViewState":{"showFog":true,"showMaterialUpdate":false,"showSkybox":true,"showFlares":true,"showImageEffects":true,"showParticleSystems":true},"in2DMode":false,"pivot":{"x":5.197122097015381,"y":3.3565917015075685,"z":5.24053430557251},"rotation":{"x":-0.025066351518034936,"y":0.9633985161781311,"z":-0.09715048223733902,"w":-0.2486397624015808},"size":1.435699462890625,"orthographic":false}