{"cameraMode":{"drawMode":0,"name":"Shaded","section":"Shading Mode"},"sceneLighting":true,"audioPlay":false,"sceneViewState":{"showFog":true,"showMaterialUpdate":true,"showSkybox":true,"showFlares":true,"showImageEffects":true,"showParticleSystems":true},"in2DMode":false,"pivot":{"x":226.95367431640626,"y":-203.6954345703125,"z":248.68646240234376},"rotation":{"x":0.14321011304855348,"y":-0.8292136192321777,"z":0.24305091798305512,"w":0.4831061363220215},"size":476.65167236328127,"orthographic":false}