{"cameraMode":{"drawMode":0,"name":"Shaded","section":"Shading Mode"},"sceneLighting":false,"audioPlay":false,"sceneViewState":{"showFog":true,"showMaterialUpdate":true,"showSkybox":false,"showFlares":true,"showImageEffects":true,"showParticleSystems":true},"in2DMode":false,"pivot":{"x":891.503173828125,"y":1.2244558334350587,"z":1064.5},"rotation":{"x":0.27365991473197939,"y":0.6399345397949219,"z":-0.2619236409664154,"w":0.6685906648635864},"size":1.4051072597503663,"orthographic":false}