{"cameraMode":{"drawMode":0,"name":"Shaded","section":"Shading Mode"},"sceneLighting":false,"audioPlay":false,"sceneViewState":{"showFog":true,"showMaterialUpdate":true,"showSkybox":false,"showFlares":true,"showImageEffects":true,"showParticleSystems":true},"in2DMode":false,"pivot":{"x":452.68414306640627,"y":-198.77362060546876,"z":415.862060546875},"rotation":{"x":0.39988067746162417,"y":0.47780144214630129,"z":-0.25885772705078127,"w":0.738105297088623},"size":535.3278198242188,"orthographic":false}