{"cameraMode":{"drawMode":0,"name":"Shaded","section":"Shading Mode"},"sceneLighting":true,"audioPlay":false,"sceneViewState":{"showFog":true,"showMaterialUpdate":false,"showSkybox":true,"showFlares":true,"showImageEffects":true,"showParticleSystems":true},"in2DMode":false,"pivot":{"x":54.866641998291019,"y":-17.83951759338379,"z":6.6460676193237309},"rotation":{"x":0.20080631971359254,"y":0.7545275092124939,"z":-0.2686307728290558,"w":0.5641888976097107},"size":28.905275344848634,"orthographic":false}