{"cameraMode":{"drawMode":0,"name":"Shaded","section":"Shading Mode"},"sceneLighting":false,"audioPlay":false,"sceneViewState":{"showFog":true,"showMaterialUpdate":true,"showSkybox":false,"showFlares":true,"showImageEffects":true,"showParticleSystems":true},"in2DMode":false,"pivot":{"x":638.0353393554688,"y":5.880098342895508,"z":623.5978393554688},"rotation":{"x":0.34183990955352785,"y":0.4570832848548889,"z":-0.1959516555070877,"w":0.7973880171775818},"size":858.752685546875,"orthographic":false}