{"cameraMode":{"drawMode":0,"name":"Shaded","section":"Shading Mode"},"sceneLighting":true,"audioPlay":false,"sceneViewState":{"showFog":true,"showMaterialUpdate":true,"showSkybox":true,"showFlares":true,"showImageEffects":true,"showParticleSystems":true},"in2DMode":false,"pivot":{"x":6.379716396331787,"y":0.49301648139953616,"z":11.210954666137696},"rotation":{"x":0.3275524973869324,"y":-0.032569460570812228,"z":0.011641528457403183,"w":0.9443001747131348},"size":2.7247445583343508,"orthographic":false}