{"cameraMode":{"drawMode":0,"name":"Shaded","section":"Shading Mode"},"sceneLighting":true,"audioPlay":false,"sceneViewState":{"showFog":true,"showMaterialUpdate":false,"showSkybox":false,"showFlares":true,"showImageEffects":true,"showParticleSystems":true},"in2DMode":false,"pivot":{"x":-7392.5791015625,"y":-17.547882080078126,"z":588.0514526367188},"rotation":{"x":-0.0219610296189785,"y":0.9772399067878723,"z":-0.16815035045146943,"w":-0.12765291333198548},"size":33.16971969604492,"orthographic":false}