{"cameraMode":{"drawMode":0,"name":"Shaded","section":"Shading Mode"},"sceneLighting":true,"audioPlay":false,"sceneViewState":{"showFog":true,"showMaterialUpdate":true,"showSkybox":true,"showFlares":true,"showImageEffects":true,"showParticleSystems":true},"in2DMode":false,"pivot":{"x":85.41656494140625,"y":47.610260009765628,"z":51.60493469238281},"rotation":{"x":-0.007033707574009895,"y":0.9778847098350525,"z":0.033773090690374377,"w":0.20692194998264314},"size":92.93087768554688,"orthographic":false}