{"cameraMode":{"drawMode":0,"name":"Shaded","section":"Shading Mode"},"sceneLighting":true,"audioPlay":false,"sceneViewState":{"showFog":true,"showMaterialUpdate":true,"showSkybox":true,"showFlares":true,"showImageEffects":true,"showParticleSystems":true},"in2DMode":false,"pivot":{"x":33.58621597290039,"y":487.8386535644531,"z":-17.160659790039064},"rotation":{"x":0.4321821331977844,"y":-0.12379256635904312,"z":0.0600038580596447,"w":0.8912582397460938},"size":74.3303451538086,"orthographic":false}