{"cameraMode":{"drawMode":0,"name":"Shaded","section":"Shading Mode"},"sceneLighting":false,"audioPlay":false,"sceneViewState":{"showFog":true,"showMaterialUpdate":false,"showSkybox":false,"showFlares":true,"showImageEffects":true,"showParticleSystems":true},"in2DMode":false,"pivot":{"x":31.993362426757814,"y":6.454885959625244,"z":-24.18653106689453},"rotation":{"x":0.14562608301639558,"y":-0.6529659628868103,"z":0.13006481528282166,"w":0.7318965792655945},"size":1.490014672279358,"orthographic":false}